-- MariaDB dump 10.19  Distrib 10.6.16-MariaDB, for debian-linux-gnu (x86_64)
--
-- Host: localhost    Database: moto
-- ------------------------------------------------------
-- Server version	10.6.16-MariaDB-0ubuntu0.22.04.1

/*!40101 SET @OLD_CHARACTER_SET_CLIENT=@@CHARACTER_SET_CLIENT */;
/*!40101 SET @OLD_CHARACTER_SET_RESULTS=@@CHARACTER_SET_RESULTS */;
/*!40101 SET @OLD_COLLATION_CONNECTION=@@COLLATION_CONNECTION */;
/*!40101 SET NAMES utf8mb4 */;
/*!40103 SET @OLD_TIME_ZONE=@@TIME_ZONE */;
/*!40103 SET TIME_ZONE='+00:00' */;
/*!40014 SET @OLD_UNIQUE_CHECKS=@@UNIQUE_CHECKS, UNIQUE_CHECKS=0 */;
/*!40014 SET @OLD_FOREIGN_KEY_CHECKS=@@FOREIGN_KEY_CHECKS, FOREIGN_KEY_CHECKS=0 */;
/*!40101 SET @OLD_SQL_MODE=@@SQL_MODE, SQL_MODE='NO_AUTO_VALUE_ON_ZERO' */;
/*!40111 SET @OLD_SQL_NOTES=@@SQL_NOTES, SQL_NOTES=0 */;

--
-- Table structure for table `banners`
--

DROP TABLE IF EXISTS `banners`;
/*!40101 SET @saved_cs_client     = @@character_set_client */;
/*!40101 SET character_set_client = utf8 */;
CREATE TABLE `banners` (
  `id` bigint(20) unsigned NOT NULL AUTO_INCREMENT,
  `title` varchar(191) NOT NULL,
  `slug` varchar(191) NOT NULL,
  `photo` varchar(191) DEFAULT NULL,
  `description` text DEFAULT NULL,
  `status` enum('active','inactive') NOT NULL DEFAULT 'inactive',
  `created_at` timestamp NULL DEFAULT NULL,
  `updated_at` timestamp NULL DEFAULT NULL,
  PRIMARY KEY (`id`),
  UNIQUE KEY `banners_slug_unique` (`slug`)
) ENGINE=InnoDB DEFAULT CHARSET=utf8mb4 COLLATE=utf8mb4_unicode_ci;
/*!40101 SET character_set_client = @saved_cs_client */;

--
-- Dumping data for table `banners`
--

LOCK TABLES `banners` WRITE;
/*!40000 ALTER TABLE `banners` DISABLE KEYS */;
/*!40000 ALTER TABLE `banners` ENABLE KEYS */;
UNLOCK TABLES;

--
-- Table structure for table `brands`
--

DROP TABLE IF EXISTS `brands`;
/*!40101 SET @saved_cs_client     = @@character_set_client */;
/*!40101 SET character_set_client = utf8 */;
CREATE TABLE `brands` (
  `id` bigint(20) unsigned NOT NULL AUTO_INCREMENT,
  `store_id` bigint(20) unsigned NOT NULL,
  `title` varchar(191) NOT NULL,
  `slug` varchar(191) NOT NULL,
  `status` enum('active','inactive') NOT NULL DEFAULT 'active',
  `created_at` timestamp NULL DEFAULT NULL,
  `updated_at` timestamp NULL DEFAULT NULL,
  PRIMARY KEY (`id`),
  UNIQUE KEY `brands_slug_unique` (`slug`),
  KEY `brands_store_id_foreign` (`store_id`),
  CONSTRAINT `brands_store_id_foreign` FOREIGN KEY (`store_id`) REFERENCES `store_info` (`id`) ON DELETE CASCADE
) ENGINE=InnoDB AUTO_INCREMENT=4 DEFAULT CHARSET=utf8mb4 COLLATE=utf8mb4_unicode_ci;
/*!40101 SET character_set_client = @saved_cs_client */;

--
-- Dumping data for table `brands`
--

LOCK TABLES `brands` WRITE;
/*!40000 ALTER TABLE `brands` DISABLE KEYS */;
INSERT INTO `brands` VALUES (1,1,'Sample','sample','active','2024-04-16 15:44:00','2024-04-16 15:44:00'),(2,1,'honda','honda','active','2024-04-16 15:54:35','2024-04-16 15:54:35'),(3,2,'Rusi','rusi','active','2024-04-17 15:52:42','2024-04-17 15:52:42');
/*!40000 ALTER TABLE `brands` ENABLE KEYS */;
UNLOCK TABLES;

--
-- Table structure for table `carts`
--

DROP TABLE IF EXISTS `carts`;
/*!40101 SET @saved_cs_client     = @@character_set_client */;
/*!40101 SET character_set_client = utf8 */;
CREATE TABLE `carts` (
  `id` bigint(20) unsigned NOT NULL AUTO_INCREMENT,
  `product_id` bigint(20) unsigned NOT NULL,
  `order_id` bigint(20) unsigned DEFAULT NULL,
  `user_id` bigint(20) unsigned DEFAULT NULL,
  `price` double(8,2) NOT NULL,
  `status` enum('new','progress','delivered','cancel') NOT NULL DEFAULT 'new',
  `quantity` int(11) NOT NULL,
  `amount` double(8,2) NOT NULL,
  `created_at` timestamp NULL DEFAULT NULL,
  `updated_at` timestamp NULL DEFAULT NULL,
  PRIMARY KEY (`id`),
  KEY `carts_product_id_foreign` (`product_id`),
  KEY `carts_user_id_foreign` (`user_id`),
  KEY `carts_order_id_foreign` (`order_id`),
  CONSTRAINT `carts_order_id_foreign` FOREIGN KEY (`order_id`) REFERENCES `orders` (`id`) ON DELETE SET NULL,
  CONSTRAINT `carts_product_id_foreign` FOREIGN KEY (`product_id`) REFERENCES `products` (`id`) ON DELETE CASCADE,
  CONSTRAINT `carts_user_id_foreign` FOREIGN KEY (`user_id`) REFERENCES `users` (`id`) ON DELETE CASCADE
) ENGINE=InnoDB AUTO_INCREMENT=12 DEFAULT CHARSET=utf8mb4 COLLATE=utf8mb4_unicode_ci;
/*!40101 SET character_set_client = @saved_cs_client */;

--
-- Dumping data for table `carts`
--

LOCK TABLES `carts` WRITE;
/*!40000 ALTER TABLE `carts` DISABLE KEYS */;
INSERT INTO `carts` VALUES (8,2,8,3,78.00,'new',2,156.00,'2024-04-17 15:57:52','2024-04-17 16:03:56'),(9,1,9,3,50.00,'new',1,50.00,'2024-04-17 16:04:56','2024-04-17 16:05:34'),(10,2,10,3,78.00,'new',2,156.00,'2024-04-17 16:25:22','2024-04-17 16:25:53'),(11,2,11,3,78.00,'new',1,78.00,'2024-04-17 16:28:30','2024-04-17 16:28:57');
/*!40000 ALTER TABLE `carts` ENABLE KEYS */;
UNLOCK TABLES;

--
-- Table structure for table `categories`
--

DROP TABLE IF EXISTS `categories`;
/*!40101 SET @saved_cs_client     = @@character_set_client */;
/*!40101 SET character_set_client = utf8 */;
CREATE TABLE `categories` (
  `id` bigint(20) unsigned NOT NULL AUTO_INCREMENT,
  `store_id` bigint(20) unsigned NOT NULL,
  `title` varchar(191) NOT NULL,
  `slug` varchar(191) NOT NULL,
  `summary` text DEFAULT NULL,
  `photo` varchar(191) DEFAULT NULL,
  `is_parent` tinyint(1) NOT NULL DEFAULT 1,
  `parent_id` bigint(20) unsigned DEFAULT NULL,
  `added_by` bigint(20) unsigned DEFAULT NULL,
  `status` enum('active','inactive') NOT NULL DEFAULT 'inactive',
  `created_at` timestamp NULL DEFAULT NULL,
  `updated_at` timestamp NULL DEFAULT NULL,
  PRIMARY KEY (`id`),
  UNIQUE KEY `categories_slug_unique` (`slug`),
  KEY `categories_store_id_foreign` (`store_id`),
  KEY `categories_parent_id_foreign` (`parent_id`),
  KEY `categories_added_by_foreign` (`added_by`),
  CONSTRAINT `categories_added_by_foreign` FOREIGN KEY (`added_by`) REFERENCES `users` (`id`) ON DELETE SET NULL,
  CONSTRAINT `categories_parent_id_foreign` FOREIGN KEY (`parent_id`) REFERENCES `categories` (`id`) ON DELETE SET NULL,
  CONSTRAINT `categories_store_id_foreign` FOREIGN KEY (`store_id`) REFERENCES `store_info` (`id`) ON DELETE CASCADE
) ENGINE=InnoDB AUTO_INCREMENT=4 DEFAULT CHARSET=utf8mb4 COLLATE=utf8mb4_unicode_ci;
/*!40101 SET character_set_client = @saved_cs_client */;

--
-- Dumping data for table `categories`
--

LOCK TABLES `categories` WRITE;
/*!40000 ALTER TABLE `categories` DISABLE KEYS */;
INSERT INTO `categories` VALUES (1,1,'Sample category','sample-category','<p>Sample category<br><gwmw style=\"display:none;\"></gwmw></p>','http://127.0.0.1:90/storage/photos/2/Sample/logss.png',1,NULL,NULL,'active','2024-04-16 16:13:37','2024-04-16 16:13:37'),(2,1,'Engine','engine','<p>asas</p>','http://127.0.0.1:90/storage/photos/2/Sample/8.jpg',0,1,NULL,'active','2024-04-16 16:15:50','2024-04-16 16:15:50'),(3,2,'SAsa','sasa','<p>ASaasd</p>','http://127.0.0.1:90/storage/photos/4/Sample/12.jpg',1,NULL,NULL,'active','2024-04-17 15:53:37','2024-04-17 15:53:37');
/*!40000 ALTER TABLE `categories` ENABLE KEYS */;
UNLOCK TABLES;

--
-- Table structure for table `coupons`
--

DROP TABLE IF EXISTS `coupons`;
/*!40101 SET @saved_cs_client     = @@character_set_client */;
/*!40101 SET character_set_client = utf8 */;
CREATE TABLE `coupons` (
  `id` bigint(20) unsigned NOT NULL AUTO_INCREMENT,
  `store_id` bigint(20) unsigned DEFAULT NULL,
  `code` varchar(191) NOT NULL,
  `type` enum('fixed','percent') NOT NULL DEFAULT 'fixed',
  `value` decimal(20,2) NOT NULL,
  `status` enum('active','inactive') NOT NULL DEFAULT 'inactive',
  `created_at` timestamp NULL DEFAULT NULL,
  `updated_at` timestamp NULL DEFAULT NULL,
  PRIMARY KEY (`id`),
  UNIQUE KEY `coupons_code_unique` (`code`),
  KEY `coupons_store_id_foreign` (`store_id`),
  CONSTRAINT `coupons_store_id_foreign` FOREIGN KEY (`store_id`) REFERENCES `store_info` (`id`) ON DELETE CASCADE
) ENGINE=InnoDB AUTO_INCREMENT=3 DEFAULT CHARSET=utf8mb4 COLLATE=utf8mb4_unicode_ci;
/*!40101 SET character_set_client = @saved_cs_client */;

--
-- Dumping data for table `coupons`
--

LOCK TABLES `coupons` WRITE;
/*!40000 ALTER TABLE `coupons` DISABLE KEYS */;
INSERT INTO `coupons` VALUES (1,NULL,'abc123','fixed',300.00,'active',NULL,NULL),(2,NULL,'111111','percent',10.00,'active',NULL,NULL);
/*!40000 ALTER TABLE `coupons` ENABLE KEYS */;
UNLOCK TABLES;

--
-- Table structure for table `customer_info`
--

DROP TABLE IF EXISTS `customer_info`;
/*!40101 SET @saved_cs_client     = @@character_set_client */;
/*!40101 SET character_set_client = utf8 */;
CREATE TABLE `customer_info` (
  `id` bigint(20) unsigned NOT NULL AUTO_INCREMENT,
  `user_id` bigint(20) unsigned NOT NULL,
  `firstname` varchar(191) NOT NULL,
  `middlename` varchar(191) DEFAULT NULL,
  `lastname` varchar(191) NOT NULL,
  `gender` varchar(191) NOT NULL,
  `contact` varchar(191) NOT NULL,
  `address` text NOT NULL,
  `created_at` timestamp NULL DEFAULT NULL,
  `updated_at` timestamp NULL DEFAULT NULL,
  PRIMARY KEY (`id`),
  KEY `customer_info_user_id_foreign` (`user_id`),
  CONSTRAINT `customer_info_user_id_foreign` FOREIGN KEY (`user_id`) REFERENCES `users` (`id`) ON DELETE CASCADE
) ENGINE=InnoDB DEFAULT CHARSET=utf8mb4 COLLATE=utf8mb4_unicode_ci;
/*!40101 SET character_set_client = @saved_cs_client */;

--
-- Dumping data for table `customer_info`
--

LOCK TABLES `customer_info` WRITE;
/*!40000 ALTER TABLE `customer_info` DISABLE KEYS */;
/*!40000 ALTER TABLE `customer_info` ENABLE KEYS */;
UNLOCK TABLES;

--
-- Table structure for table `failed_jobs`
--

DROP TABLE IF EXISTS `failed_jobs`;
/*!40101 SET @saved_cs_client     = @@character_set_client */;
/*!40101 SET character_set_client = utf8 */;
CREATE TABLE `failed_jobs` (
  `id` bigint(20) unsigned NOT NULL AUTO_INCREMENT,
  `connection` text NOT NULL,
  `queue` text NOT NULL,
  `payload` longtext NOT NULL,
  `exception` longtext NOT NULL,
  `failed_at` timestamp NOT NULL DEFAULT current_timestamp(),
  PRIMARY KEY (`id`)
) ENGINE=InnoDB DEFAULT CHARSET=utf8mb4 COLLATE=utf8mb4_unicode_ci;
/*!40101 SET character_set_client = @saved_cs_client */;

--
-- Dumping data for table `failed_jobs`
--

LOCK TABLES `failed_jobs` WRITE;
/*!40000 ALTER TABLE `failed_jobs` DISABLE KEYS */;
/*!40000 ALTER TABLE `failed_jobs` ENABLE KEYS */;
UNLOCK TABLES;

--
-- Table structure for table `messages`
--

DROP TABLE IF EXISTS `messages`;
/*!40101 SET @saved_cs_client     = @@character_set_client */;
/*!40101 SET character_set_client = utf8 */;
CREATE TABLE `messages` (
  `id` bigint(20) unsigned NOT NULL AUTO_INCREMENT,
  `user_id` bigint(20) unsigned NOT NULL,
  `name` varchar(191) NOT NULL,
  `subject` text NOT NULL,
  `email` varchar(191) NOT NULL,
  `photo` varchar(191) DEFAULT NULL,
  `phone` varchar(191) DEFAULT NULL,
  `message` longtext NOT NULL,
  `read_at` timestamp NULL DEFAULT NULL,
  `created_at` timestamp NULL DEFAULT NULL,
  `updated_at` timestamp NULL DEFAULT NULL,
  PRIMARY KEY (`id`),
  KEY `messages_user_id_foreign` (`user_id`),
  CONSTRAINT `messages_user_id_foreign` FOREIGN KEY (`user_id`) REFERENCES `users` (`id`) ON DELETE CASCADE
) ENGINE=InnoDB DEFAULT CHARSET=utf8mb4 COLLATE=utf8mb4_unicode_ci;
/*!40101 SET character_set_client = @saved_cs_client */;

--
-- Dumping data for table `messages`
--

LOCK TABLES `messages` WRITE;
/*!40000 ALTER TABLE `messages` DISABLE KEYS */;
/*!40000 ALTER TABLE `messages` ENABLE KEYS */;
UNLOCK TABLES;

--
-- Table structure for table `migrations`
--

DROP TABLE IF EXISTS `migrations`;
/*!40101 SET @saved_cs_client     = @@character_set_client */;
/*!40101 SET character_set_client = utf8 */;
CREATE TABLE `migrations` (
  `id` int(10) unsigned NOT NULL AUTO_INCREMENT,
  `migration` varchar(191) NOT NULL,
  `batch` int(11) NOT NULL,
  PRIMARY KEY (`id`)
) ENGINE=InnoDB AUTO_INCREMENT=23 DEFAULT CHARSET=utf8mb4 COLLATE=utf8mb4_unicode_ci;
/*!40101 SET character_set_client = @saved_cs_client */;

--
-- Dumping data for table `migrations`
--

LOCK TABLES `migrations` WRITE;
/*!40000 ALTER TABLE `migrations` DISABLE KEYS */;
INSERT INTO `migrations` VALUES (1,'2014_10_12_000000_create_users_table',1),(2,'2014_10_12_100000_create_password_resets_table',1),(3,'2014_10_12_100001_create_store_info_table',1),(4,'2014_10_12_100002_create_customer_info_table',1),(5,'2019_08_19_000000_create_failed_jobs_table',1),(6,'2020_07_10_021010_create_brands_table',1),(7,'2020_07_10_025334_create_banners_table',1),(8,'2020_07_10_112147_create_categories_table',1),(9,'2020_07_11_063857_create_products_table',1),(10,'2020_07_12_073132_create_post_categories_table',1),(11,'2020_07_12_073701_create_post_tags_table',1),(12,'2020_07_12_083638_create_posts_table',1),(13,'2020_07_13_151329_create_messages_table',1),(14,'2020_07_14_023748_create_shippings_table',1),(15,'2020_07_15_054356_create_orders_table',1),(16,'2020_07_15_102626_create_carts_table',1),(17,'2020_07_16_041623_create_notifications_table',1),(18,'2020_07_16_053240_create_coupons_table',1),(19,'2020_07_23_143757_create_wishlists_table',1),(20,'2020_07_24_074930_create_product_reviews_table',1),(21,'2020_07_24_131727_create_post_comments_table',1),(22,'2020_08_01_143408_create_settings_table',1);
/*!40000 ALTER TABLE `migrations` ENABLE KEYS */;
UNLOCK TABLES;

--
-- Table structure for table `notifications`
--

DROP TABLE IF EXISTS `notifications`;
/*!40101 SET @saved_cs_client     = @@character_set_client */;
/*!40101 SET character_set_client = utf8 */;
CREATE TABLE `notifications` (
  `id` char(36) NOT NULL,
  `store_id` bigint(20) unsigned NOT NULL,
  `type` varchar(191) NOT NULL,
  `notifiable_type` varchar(191) NOT NULL,
  `notifiable_id` bigint(20) unsigned NOT NULL,
  `data` text NOT NULL,
  `read_at` timestamp NULL DEFAULT NULL,
  `created_at` timestamp NULL DEFAULT NULL,
  `updated_at` timestamp NULL DEFAULT NULL,
  PRIMARY KEY (`id`),
  KEY `notifications_store_id_foreign` (`store_id`),
  KEY `notifications_notifiable_type_notifiable_id_index` (`notifiable_type`,`notifiable_id`),
  CONSTRAINT `notifications_store_id_foreign` FOREIGN KEY (`store_id`) REFERENCES `store_info` (`id`) ON DELETE CASCADE
) ENGINE=InnoDB DEFAULT CHARSET=utf8mb4 COLLATE=utf8mb4_unicode_ci;
/*!40101 SET character_set_client = @saved_cs_client */;

--
-- Dumping data for table `notifications`
--

LOCK TABLES `notifications` WRITE;
/*!40000 ALTER TABLE `notifications` DISABLE KEYS */;
INSERT INTO `notifications` VALUES ('20d32681-59dd-4429-8bfb-ca3f4e43e984',1,'App\\Notifications\\StatusNotification','App\\User',4,'{\"store_id\":1,\"title\":\"New Order Received\",\"actionURL\":\"http:\\/\\/192.168.119.104:90\\/admin\\/order\\/8\",\"fas\":\"fa-file-alt\"}','2024-04-17 16:24:38','2024-04-17 16:03:56','2024-04-17 16:24:38'),('246e1fe6-e04a-405b-9b8a-a70ed68000e1',1,'App\\Notifications\\StatusNotification','App\\User',4,'{\"store_id\":1,\"title\":\"New Order Received\",\"actionURL\":\"http:\\/\\/192.168.119.104:90\\/admin\\/order\\/10\",\"fas\":\"fa-file-alt\"}',NULL,'2024-04-17 16:25:53','2024-04-17 16:25:53'),('3a975cd6-9538-4f27-802a-8ae4a56fca30',1,'App\\Notifications\\StatusNotification','App\\User',4,'{\"store_id\":1,\"title\":\"New Order Received\",\"actionURL\":\"http:\\/\\/192.168.119.104:90\\/admin\\/order\\/11\",\"fas\":\"fa-file-alt\"}','2024-04-17 16:30:03','2024-04-17 16:28:57','2024-04-17 16:30:03'),('6790cfc6-cf08-425f-bb1a-1c5225753a67',1,'App\\Notifications\\StatusNotification','App\\User',2,'{\"store_id\":1,\"title\":\"New Order Received\",\"actionURL\":\"http:\\/\\/192.168.119.104:90\\/admin\\/order\\/9\",\"fas\":\"fa-file-alt\"}','2024-04-17 16:28:18','2024-04-17 16:05:34','2024-04-17 16:28:18');
/*!40000 ALTER TABLE `notifications` ENABLE KEYS */;
UNLOCK TABLES;

--
-- Table structure for table `orders`
--

DROP TABLE IF EXISTS `orders`;
/*!40101 SET @saved_cs_client     = @@character_set_client */;
/*!40101 SET character_set_client = utf8 */;
CREATE TABLE `orders` (
  `id` bigint(20) unsigned NOT NULL AUTO_INCREMENT,
  `order_number` varchar(191) NOT NULL,
  `user_id` bigint(20) unsigned DEFAULT NULL,
  `sub_total` double(8,2) NOT NULL,
  `shipping_id` bigint(20) unsigned DEFAULT NULL,
  `coupon` double(8,2) DEFAULT NULL,
  `total_amount` double(8,2) NOT NULL,
  `quantity` int(11) NOT NULL,
  `payment_method` enum('cod','paypal') NOT NULL DEFAULT 'cod',
  `payment_status` enum('paid','unpaid') NOT NULL DEFAULT 'unpaid',
  `status` enum('new','process','delivered','cancel') NOT NULL DEFAULT 'new',
  `first_name` varchar(191) NOT NULL,
  `last_name` varchar(191) NOT NULL,
  `email` varchar(191) NOT NULL,
  `phone` varchar(191) NOT NULL,
  `country` varchar(191) NOT NULL,
  `post_code` varchar(191) DEFAULT NULL,
  `address1` text NOT NULL,
  `address2` text DEFAULT NULL,
  `created_at` timestamp NULL DEFAULT NULL,
  `updated_at` timestamp NULL DEFAULT NULL,
  PRIMARY KEY (`id`),
  UNIQUE KEY `orders_order_number_unique` (`order_number`),
  KEY `orders_user_id_foreign` (`user_id`),
  KEY `orders_shipping_id_foreign` (`shipping_id`),
  CONSTRAINT `orders_shipping_id_foreign` FOREIGN KEY (`shipping_id`) REFERENCES `shippings` (`id`) ON DELETE SET NULL,
  CONSTRAINT `orders_user_id_foreign` FOREIGN KEY (`user_id`) REFERENCES `users` (`id`) ON DELETE SET NULL
) ENGINE=InnoDB AUTO_INCREMENT=12 DEFAULT CHARSET=utf8mb4 COLLATE=utf8mb4_unicode_ci;
/*!40101 SET character_set_client = @saved_cs_client */;

--
-- Dumping data for table `orders`
--

LOCK TABLES `orders` WRITE;
/*!40000 ALTER TABLE `orders` DISABLE KEYS */;
INSERT INTO `orders` VALUES (8,'ORD-KQBAHLKNUE',3,78.00,2,NULL,128.00,2,'cod','unpaid','process','Mark','Dacoylo','dacoylomarkemilcajes@gmail.com','09157936545','ID','99631','Gg. Sutarjo No. 509','Balintawak','2024-04-17 16:03:56','2024-04-17 16:04:30'),(9,'ORD-4UIZV5ZCJ2',3,50.00,2,NULL,100.00,1,'cod','unpaid','new','Mark','Dacoylo','dacoylomarkemilcajes@gmail.com','09157936545','ID','99631','Gg. Sutarjo No. 509','Balintawak','2024-04-17 16:05:34','2024-04-17 16:05:34'),(10,'ORD-5CWNGTQUYJ',3,78.00,2,NULL,128.00,2,'cod','unpaid','process','Mark','Dacoylo','dacoylomarkemilcajes@gmail.com','09157936545','ID','99631','Gg. Sutarjo No. 509','Balintawak','2024-04-17 16:25:53','2024-04-17 16:30:16'),(11,'ORD-HG0FDXNX09',3,78.00,2,NULL,128.00,1,'cod','unpaid','process','Mark','Dacoylo','dacoylomarkemilcajes@gmail.com','09157936545','ID','99631','Gg. Sutarjo No. 509','Balintawak','2024-04-17 16:28:57','2024-04-17 16:30:09');
/*!40000 ALTER TABLE `orders` ENABLE KEYS */;
UNLOCK TABLES;

--
-- Table structure for table `password_resets`
--

DROP TABLE IF EXISTS `password_resets`;
/*!40101 SET @saved_cs_client     = @@character_set_client */;
/*!40101 SET character_set_client = utf8 */;
CREATE TABLE `password_resets` (
  `email` varchar(191) NOT NULL,
  `token` varchar(191) NOT NULL,
  `created_at` timestamp NULL DEFAULT NULL,
  KEY `password_resets_email_index` (`email`)
) ENGINE=InnoDB DEFAULT CHARSET=utf8mb4 COLLATE=utf8mb4_unicode_ci;
/*!40101 SET character_set_client = @saved_cs_client */;

--
-- Dumping data for table `password_resets`
--

LOCK TABLES `password_resets` WRITE;
/*!40000 ALTER TABLE `password_resets` DISABLE KEYS */;
/*!40000 ALTER TABLE `password_resets` ENABLE KEYS */;
UNLOCK TABLES;

--
-- Table structure for table `post_categories`
--

DROP TABLE IF EXISTS `post_categories`;
/*!40101 SET @saved_cs_client     = @@character_set_client */;
/*!40101 SET character_set_client = utf8 */;
CREATE TABLE `post_categories` (
  `id` bigint(20) unsigned NOT NULL AUTO_INCREMENT,
  `title` varchar(191) NOT NULL,
  `slug` varchar(191) NOT NULL,
  `status` enum('active','inactive') NOT NULL DEFAULT 'active',
  `created_at` timestamp NULL DEFAULT NULL,
  `updated_at` timestamp NULL DEFAULT NULL,
  PRIMARY KEY (`id`),
  UNIQUE KEY `post_categories_slug_unique` (`slug`)
) ENGINE=InnoDB DEFAULT CHARSET=utf8mb4 COLLATE=utf8mb4_unicode_ci;
/*!40101 SET character_set_client = @saved_cs_client */;

--
-- Dumping data for table `post_categories`
--

LOCK TABLES `post_categories` WRITE;
/*!40000 ALTER TABLE `post_categories` DISABLE KEYS */;
/*!40000 ALTER TABLE `post_categories` ENABLE KEYS */;
UNLOCK TABLES;

--
-- Table structure for table `post_comments`
--

DROP TABLE IF EXISTS `post_comments`;
/*!40101 SET @saved_cs_client     = @@character_set_client */;
/*!40101 SET character_set_client = utf8 */;
CREATE TABLE `post_comments` (
  `id` bigint(20) unsigned NOT NULL AUTO_INCREMENT,
  `user_id` bigint(20) unsigned DEFAULT NULL,
  `post_id` bigint(20) unsigned DEFAULT NULL,
  `comment` text NOT NULL,
  `status` enum('active','inactive') NOT NULL DEFAULT 'active',
  `replied_comment` text DEFAULT NULL,
  `parent_id` bigint(20) unsigned DEFAULT NULL,
  `created_at` timestamp NULL DEFAULT NULL,
  `updated_at` timestamp NULL DEFAULT NULL,
  PRIMARY KEY (`id`),
  KEY `post_comments_user_id_foreign` (`user_id`),
  KEY `post_comments_post_id_foreign` (`post_id`),
  CONSTRAINT `post_comments_post_id_foreign` FOREIGN KEY (`post_id`) REFERENCES `posts` (`id`) ON DELETE SET NULL,
  CONSTRAINT `post_comments_user_id_foreign` FOREIGN KEY (`user_id`) REFERENCES `users` (`id`) ON DELETE SET NULL
) ENGINE=InnoDB DEFAULT CHARSET=utf8mb4 COLLATE=utf8mb4_unicode_ci;
/*!40101 SET character_set_client = @saved_cs_client */;

--
-- Dumping data for table `post_comments`
--

LOCK TABLES `post_comments` WRITE;
/*!40000 ALTER TABLE `post_comments` DISABLE KEYS */;
/*!40000 ALTER TABLE `post_comments` ENABLE KEYS */;
UNLOCK TABLES;

--
-- Table structure for table `post_tags`
--

DROP TABLE IF EXISTS `post_tags`;
/*!40101 SET @saved_cs_client     = @@character_set_client */;
/*!40101 SET character_set_client = utf8 */;
CREATE TABLE `post_tags` (
  `id` bigint(20) unsigned NOT NULL AUTO_INCREMENT,
  `title` varchar(191) NOT NULL,
  `slug` varchar(191) NOT NULL,
  `status` enum('active','inactive') NOT NULL DEFAULT 'active',
  `created_at` timestamp NULL DEFAULT NULL,
  `updated_at` timestamp NULL DEFAULT NULL,
  PRIMARY KEY (`id`),
  UNIQUE KEY `post_tags_slug_unique` (`slug`)
) ENGINE=InnoDB DEFAULT CHARSET=utf8mb4 COLLATE=utf8mb4_unicode_ci;
/*!40101 SET character_set_client = @saved_cs_client */;

--
-- Dumping data for table `post_tags`
--

LOCK TABLES `post_tags` WRITE;
/*!40000 ALTER TABLE `post_tags` DISABLE KEYS */;
/*!40000 ALTER TABLE `post_tags` ENABLE KEYS */;
UNLOCK TABLES;

--
-- Table structure for table `posts`
--

DROP TABLE IF EXISTS `posts`;
/*!40101 SET @saved_cs_client     = @@character_set_client */;
/*!40101 SET character_set_client = utf8 */;
CREATE TABLE `posts` (
  `id` bigint(20) unsigned NOT NULL AUTO_INCREMENT,
  `title` varchar(191) NOT NULL,
  `slug` varchar(191) NOT NULL,
  `summary` text NOT NULL,
  `description` longtext DEFAULT NULL,
  `quote` text DEFAULT NULL,
  `photo` varchar(191) DEFAULT NULL,
  `tags` varchar(191) DEFAULT NULL,
  `post_cat_id` bigint(20) unsigned DEFAULT NULL,
  `post_tag_id` bigint(20) unsigned DEFAULT NULL,
  `added_by` bigint(20) unsigned DEFAULT NULL,
  `status` enum('active','inactive') NOT NULL DEFAULT 'active',
  `created_at` timestamp NULL DEFAULT NULL,
  `updated_at` timestamp NULL DEFAULT NULL,
  PRIMARY KEY (`id`),
  UNIQUE KEY `posts_slug_unique` (`slug`),
  KEY `posts_post_cat_id_foreign` (`post_cat_id`),
  KEY `posts_post_tag_id_foreign` (`post_tag_id`),
  KEY `posts_added_by_foreign` (`added_by`),
  CONSTRAINT `posts_added_by_foreign` FOREIGN KEY (`added_by`) REFERENCES `users` (`id`) ON DELETE SET NULL,
  CONSTRAINT `posts_post_cat_id_foreign` FOREIGN KEY (`post_cat_id`) REFERENCES `post_categories` (`id`) ON DELETE SET NULL,
  CONSTRAINT `posts_post_tag_id_foreign` FOREIGN KEY (`post_tag_id`) REFERENCES `post_tags` (`id`) ON DELETE SET NULL
) ENGINE=InnoDB DEFAULT CHARSET=utf8mb4 COLLATE=utf8mb4_unicode_ci;
/*!40101 SET character_set_client = @saved_cs_client */;

--
-- Dumping data for table `posts`
--

LOCK TABLES `posts` WRITE;
/*!40000 ALTER TABLE `posts` DISABLE KEYS */;
/*!40000 ALTER TABLE `posts` ENABLE KEYS */;
UNLOCK TABLES;

--
-- Table structure for table `product_reviews`
--

DROP TABLE IF EXISTS `product_reviews`;
/*!40101 SET @saved_cs_client     = @@character_set_client */;
/*!40101 SET character_set_client = utf8 */;
CREATE TABLE `product_reviews` (
  `id` bigint(20) unsigned NOT NULL AUTO_INCREMENT,
  `user_id` bigint(20) unsigned DEFAULT NULL,
  `product_id` bigint(20) unsigned DEFAULT NULL,
  `rate` tinyint(4) NOT NULL DEFAULT 0,
  `review` text DEFAULT NULL,
  `status` enum('active','inactive') NOT NULL DEFAULT 'active',
  `created_at` timestamp NULL DEFAULT NULL,
  `updated_at` timestamp NULL DEFAULT NULL,
  PRIMARY KEY (`id`),
  KEY `product_reviews_user_id_foreign` (`user_id`),
  KEY `product_reviews_product_id_foreign` (`product_id`),
  CONSTRAINT `product_reviews_product_id_foreign` FOREIGN KEY (`product_id`) REFERENCES `products` (`id`) ON DELETE SET NULL,
  CONSTRAINT `product_reviews_user_id_foreign` FOREIGN KEY (`user_id`) REFERENCES `users` (`id`) ON DELETE SET NULL
) ENGINE=InnoDB AUTO_INCREMENT=18 DEFAULT CHARSET=utf8mb4 COLLATE=utf8mb4_unicode_ci;
/*!40101 SET character_set_client = @saved_cs_client */;

--
-- Dumping data for table `product_reviews`
--

LOCK TABLES `product_reviews` WRITE;
/*!40000 ALTER TABLE `product_reviews` DISABLE KEYS */;
INSERT INTO `product_reviews` VALUES (16,3,1,3,'asdasd','active','2024-04-16 17:32:15','2024-04-16 17:32:15'),(17,2,1,1,'Thansk','active','2024-04-16 17:34:53','2024-04-16 17:34:53');
/*!40000 ALTER TABLE `product_reviews` ENABLE KEYS */;
UNLOCK TABLES;

--
-- Table structure for table `products`
--

DROP TABLE IF EXISTS `products`;
/*!40101 SET @saved_cs_client     = @@character_set_client */;
/*!40101 SET character_set_client = utf8 */;
CREATE TABLE `products` (
  `id` bigint(20) unsigned NOT NULL AUTO_INCREMENT,
  `store_id` bigint(20) unsigned NOT NULL,
  `title` varchar(191) NOT NULL,
  `slug` varchar(191) NOT NULL,
  `summary` text NOT NULL,
  `description` longtext DEFAULT NULL,
  `photo` text NOT NULL,
  `stock` int(11) NOT NULL DEFAULT 1,
  `size` varchar(191) DEFAULT 'M',
  `condition` enum('default','new','hot') NOT NULL DEFAULT 'default',
  `status` enum('active','inactive') NOT NULL DEFAULT 'inactive',
  `price` double(8,2) NOT NULL,
  `discount` double(8,2) NOT NULL,
  `is_featured` tinyint(1) NOT NULL,
  `cat_id` bigint(20) unsigned DEFAULT NULL,
  `child_cat_id` bigint(20) unsigned DEFAULT NULL,
  `brand_id` bigint(20) unsigned DEFAULT NULL,
  `created_at` timestamp NULL DEFAULT NULL,
  `updated_at` timestamp NULL DEFAULT NULL,
  PRIMARY KEY (`id`),
  UNIQUE KEY `products_slug_unique` (`slug`),
  KEY `products_store_id_foreign` (`store_id`),
  KEY `products_brand_id_foreign` (`brand_id`),
  KEY `products_cat_id_foreign` (`cat_id`),
  KEY `products_child_cat_id_foreign` (`child_cat_id`),
  CONSTRAINT `products_brand_id_foreign` FOREIGN KEY (`brand_id`) REFERENCES `brands` (`id`) ON DELETE SET NULL,
  CONSTRAINT `products_cat_id_foreign` FOREIGN KEY (`cat_id`) REFERENCES `categories` (`id`) ON DELETE SET NULL,
  CONSTRAINT `products_child_cat_id_foreign` FOREIGN KEY (`child_cat_id`) REFERENCES `categories` (`id`) ON DELETE SET NULL,
  CONSTRAINT `products_store_id_foreign` FOREIGN KEY (`store_id`) REFERENCES `store_info` (`id`) ON DELETE CASCADE
) ENGINE=InnoDB AUTO_INCREMENT=3 DEFAULT CHARSET=utf8mb4 COLLATE=utf8mb4_unicode_ci;
/*!40101 SET character_set_client = @saved_cs_client */;

--
-- Dumping data for table `products`
--

LOCK TABLES `products` WRITE;
/*!40000 ALTER TABLE `products` DISABLE KEYS */;
INSERT INTO `products` VALUES (1,1,'Sasas','sasas','<p>asasas</p>','<p>asas</p>','http://127.0.0.1:90/storage/photos/2/Sample/9.jpg',500,'S,M,L','new','active',50.00,0.00,1,1,2,2,'2024-04-16 16:26:33','2024-04-16 16:26:33'),(2,2,'Asas','asas','<p>asas</p>','<p>asas</p>','http://127.0.0.1:90/storage/photos/4/Sample/12.jpg',34,'S','new','active',78.00,0.00,1,3,NULL,3,'2024-04-17 15:54:29','2024-04-17 15:54:29');
/*!40000 ALTER TABLE `products` ENABLE KEYS */;
UNLOCK TABLES;

--
-- Table structure for table `settings`
--

DROP TABLE IF EXISTS `settings`;
/*!40101 SET @saved_cs_client     = @@character_set_client */;
/*!40101 SET character_set_client = utf8 */;
CREATE TABLE `settings` (
  `id` bigint(20) unsigned NOT NULL AUTO_INCREMENT,
  `description` longtext NOT NULL,
  `short_des` text NOT NULL,
  `logo` varchar(191) NOT NULL,
  `photo` varchar(191) NOT NULL,
  `address` varchar(191) NOT NULL,
  `phone` varchar(191) NOT NULL,
  `email` varchar(191) NOT NULL,
  `created_at` timestamp NULL DEFAULT NULL,
  `updated_at` timestamp NULL DEFAULT NULL,
  PRIMARY KEY (`id`)
) ENGINE=InnoDB AUTO_INCREMENT=2 DEFAULT CHARSET=utf8mb4 COLLATE=utf8mb4_unicode_ci;
/*!40101 SET character_set_client = @saved_cs_client */;

--
-- Dumping data for table `settings`
--

LOCK TABLES `settings` WRITE;
/*!40000 ALTER TABLE `settings` DISABLE KEYS */;
INSERT INTO `settings` VALUES (1,'Excepteur sint occaecat cupidatat non proident, sunt in culpa qui officia deserunt mollit anim id est laborum. sed ut perspiciatis unde sunt in culpa qui officia deserunt mollit anim id est laborum. sed ut perspiciatis unde omnis iste natus error sit voluptatem Excepteu\r\n\r\n                            sunt in culpa qui officia deserunt mollit anim id est laborum. sed ut perspiciatis Excepteur sint occaecat cupidatat non proident, sunt in culpa qui officia deserunt mollit anim id est laborum. sed ut perspi deserunt mollit anim id est laborum. sed ut perspi.','Praesent dapibus, neque id cursus ucibus, tortor neque egestas augue, magna eros eu erat. Aliquam erat volutpat. Nam dui mi, tincidunt quis, accumsan porttitor, facilisis luctus, metus.','http://127.0.0.1:90/storage/photos/2/51log.png','image.jpg','115 Test Street, Test Country','1234567777','admin@admin.com',NULL,'2024-04-16 16:38:40');
/*!40000 ALTER TABLE `settings` ENABLE KEYS */;
UNLOCK TABLES;

--
-- Table structure for table `shippings`
--

DROP TABLE IF EXISTS `shippings`;
/*!40101 SET @saved_cs_client     = @@character_set_client */;
/*!40101 SET character_set_client = utf8 */;
CREATE TABLE `shippings` (
  `id` bigint(20) unsigned NOT NULL AUTO_INCREMENT,
  `store_id` bigint(20) unsigned NOT NULL,
  `type` varchar(191) NOT NULL,
  `price` decimal(8,2) NOT NULL,
  `status` enum('active','inactive') NOT NULL DEFAULT 'active',
  `created_at` timestamp NULL DEFAULT NULL,
  `updated_at` timestamp NULL DEFAULT NULL,
  PRIMARY KEY (`id`),
  KEY `shippings_store_id_foreign` (`store_id`),
  CONSTRAINT `shippings_store_id_foreign` FOREIGN KEY (`store_id`) REFERENCES `store_info` (`id`) ON DELETE CASCADE
) ENGINE=InnoDB AUTO_INCREMENT=3 DEFAULT CHARSET=utf8mb4 COLLATE=utf8mb4_unicode_ci;
/*!40101 SET character_set_client = @saved_cs_client */;

--
-- Dumping data for table `shippings`
--

LOCK TABLES `shippings` WRITE;
/*!40000 ALTER TABLE `shippings` DISABLE KEYS */;
INSERT INTO `shippings` VALUES (1,1,'trinidad',50.00,'active','2024-04-16 16:22:07','2024-04-16 16:22:07'),(2,2,'Talibon',50.00,'active','2024-04-17 15:52:10','2024-04-17 15:52:10');
/*!40000 ALTER TABLE `shippings` ENABLE KEYS */;
UNLOCK TABLES;

--
-- Table structure for table `store_info`
--

DROP TABLE IF EXISTS `store_info`;
/*!40101 SET @saved_cs_client     = @@character_set_client */;
/*!40101 SET character_set_client = utf8 */;
CREATE TABLE `store_info` (
  `id` bigint(20) unsigned NOT NULL AUTO_INCREMENT,
  `user_id` bigint(20) unsigned NOT NULL,
  `firstname` varchar(191) NOT NULL,
  `middlename` varchar(191) DEFAULT NULL,
  `lastname` varchar(191) NOT NULL,
  `gender` varchar(191) NOT NULL,
  `address` text NOT NULL,
  `shopname` varchar(191) NOT NULL,
  `contact` varchar(191) NOT NULL,
  `shopimage` varchar(191) DEFAULT NULL,
  `created_at` timestamp NULL DEFAULT NULL,
  `updated_at` timestamp NULL DEFAULT NULL,
  PRIMARY KEY (`id`),
  KEY `store_info_user_id_foreign` (`user_id`),
  CONSTRAINT `store_info_user_id_foreign` FOREIGN KEY (`user_id`) REFERENCES `users` (`id`) ON DELETE CASCADE
) ENGINE=InnoDB AUTO_INCREMENT=4 DEFAULT CHARSET=utf8mb4 COLLATE=utf8mb4_unicode_ci;
/*!40101 SET character_set_client = @saved_cs_client */;

--
-- Dumping data for table `store_info`
--

LOCK TABLES `store_info` WRITE;
/*!40000 ALTER TABLE `store_info` DISABLE KEYS */;
INSERT INTO `store_info` VALUES (1,2,'Store Firstname','Store Middle name','Store Lastname','male','trinidad','Sample Shopname','0998767656',NULL,NULL,NULL),(2,4,'F','m','l','m','t','ttt','099999',NULL,NULL,NULL),(3,9,'Emelia','Abesia','Cajes','Male','Purok 5','ASAS','09000035719','http://127.0.0.1:90/storage/photos/2/51log.png',NULL,NULL);
/*!40000 ALTER TABLE `store_info` ENABLE KEYS */;
UNLOCK TABLES;

--
-- Table structure for table `users`
--

DROP TABLE IF EXISTS `users`;
/*!40101 SET @saved_cs_client     = @@character_set_client */;
/*!40101 SET character_set_client = utf8 */;
CREATE TABLE `users` (
  `id` bigint(20) unsigned NOT NULL AUTO_INCREMENT,
  `name` varchar(191) NOT NULL,
  `email` varchar(191) DEFAULT NULL,
  `email_verified_at` timestamp NULL DEFAULT NULL,
  `password` varchar(191) DEFAULT NULL,
  `photo` varchar(191) DEFAULT NULL,
  `role` enum('admin','user','store') NOT NULL DEFAULT 'user',
  `provider` varchar(191) DEFAULT NULL,
  `provider_id` varchar(191) DEFAULT NULL,
  `status` enum('active','inactive') NOT NULL DEFAULT 'active',
  `remember_token` varchar(100) DEFAULT NULL,
  `created_at` timestamp NULL DEFAULT NULL,
  `updated_at` timestamp NULL DEFAULT NULL,
  PRIMARY KEY (`id`),
  UNIQUE KEY `users_email_unique` (`email`)
) ENGINE=InnoDB AUTO_INCREMENT=10 DEFAULT CHARSET=utf8mb4 COLLATE=utf8mb4_unicode_ci;
/*!40101 SET character_set_client = @saved_cs_client */;

--
-- Dumping data for table `users`
--

LOCK TABLES `users` WRITE;
/*!40000 ALTER TABLE `users` DISABLE KEYS */;
INSERT INTO `users` VALUES (1,'Admin','admin@admin.com',NULL,'$2y$10$aKryk0DN3VyeC1PDYQlOxOEH5vjKZiTJG7V7gPM9Dc.LrxDik1esO',NULL,'admin',NULL,NULL,'active',NULL,NULL,NULL),(2,'Store A','store@store.com',NULL,'$2y$10$bnO9wxboWV/.FHCU/jp4de1S67fCMf3Fsmqa5b2UuIzGoV1h1K2gG','http://127.0.0.1:90/storage/photos/2/wp3668724.jpg','store',NULL,NULL,'active',NULL,NULL,'2024-04-16 16:18:42'),(3,'Customer A','customer@customer.com',NULL,'$2y$10$DWH2BgScQT6IC1cF.wLSwOlmvitP4NrDnlcoXZBt.AFbeX70I2LSK',NULL,'user',NULL,NULL,'active',NULL,NULL,NULL),(4,'Sample store 2','store2@store.com',NULL,'$2y$10$JN2TIF95ByZCbZP4J2/ZBOTKLvFzblKaea5IrznIoVtS/BL78.XUS',NULL,'store',NULL,NULL,'active',NULL,'2024-04-16 15:52:19','2024-04-16 15:52:19'),(9,'Emelia Abesia Cajes','nenlee02@gmail.com',NULL,'$2y$10$wX3uSjP6z9xYp/o892lbkO6XZL5xgLBGtTzS8GFiTfPnzdIj4.4re','http://127.0.0.1:90/storage/photos/2/wp3668724.jpg','store',NULL,NULL,'active',NULL,'2024-04-17 14:29:23','2024-04-17 14:29:23');
/*!40000 ALTER TABLE `users` ENABLE KEYS */;
UNLOCK TABLES;

--
-- Table structure for table `wishlists`
--

DROP TABLE IF EXISTS `wishlists`;
/*!40101 SET @saved_cs_client     = @@character_set_client */;
/*!40101 SET character_set_client = utf8 */;
CREATE TABLE `wishlists` (
  `id` bigint(20) unsigned NOT NULL AUTO_INCREMENT,
  `product_id` bigint(20) unsigned NOT NULL,
  `cart_id` bigint(20) unsigned DEFAULT NULL,
  `user_id` bigint(20) unsigned DEFAULT NULL,
  `price` double(8,2) NOT NULL,
  `quantity` int(11) NOT NULL,
  `amount` double(8,2) NOT NULL,
  `created_at` timestamp NULL DEFAULT NULL,
  `updated_at` timestamp NULL DEFAULT NULL,
  PRIMARY KEY (`id`),
  KEY `wishlists_product_id_foreign` (`product_id`),
  KEY `wishlists_user_id_foreign` (`user_id`),
  KEY `wishlists_cart_id_foreign` (`cart_id`),
  CONSTRAINT `wishlists_cart_id_foreign` FOREIGN KEY (`cart_id`) REFERENCES `carts` (`id`) ON DELETE SET NULL,
  CONSTRAINT `wishlists_product_id_foreign` FOREIGN KEY (`product_id`) REFERENCES `products` (`id`) ON DELETE CASCADE,
  CONSTRAINT `wishlists_user_id_foreign` FOREIGN KEY (`user_id`) REFERENCES `users` (`id`) ON DELETE SET NULL
) ENGINE=InnoDB DEFAULT CHARSET=utf8mb4 COLLATE=utf8mb4_unicode_ci;
/*!40101 SET character_set_client = @saved_cs_client */;

--
-- Dumping data for table `wishlists`
--

LOCK TABLES `wishlists` WRITE;
/*!40000 ALTER TABLE `wishlists` DISABLE KEYS */;
/*!40000 ALTER TABLE `wishlists` ENABLE KEYS */;
UNLOCK TABLES;

--
-- Dumping routines for database 'moto'
--
/*!40103 SET TIME_ZONE=@OLD_TIME_ZONE */;

/*!40101 SET SQL_MODE=@OLD_SQL_MODE */;
/*!40014 SET FOREIGN_KEY_CHECKS=@OLD_FOREIGN_KEY_CHECKS */;
/*!40014 SET UNIQUE_CHECKS=@OLD_UNIQUE_CHECKS */;
/*!40101 SET CHARACTER_SET_CLIENT=@OLD_CHARACTER_SET_CLIENT */;
/*!40101 SET CHARACTER_SET_RESULTS=@OLD_CHARACTER_SET_RESULTS */;
/*!40101 SET COLLATION_CONNECTION=@OLD_COLLATION_CONNECTION */;
/*!40111 SET SQL_NOTES=@OLD_SQL_NOTES */;

-- Dump completed on 2024-04-18 23:10:31
